{
  "961937": {
    "id": 961937, 
    "links": {
      "self": "https://api.hipchat.com/v2/user/961937"
    }, 
    "mention_name": "EdHammond", 
    "name": "Ed Hammond", 
    "version": "00000000"
  }, 
  "961951": {
    "id": 961951, 
    "links": {
      "self": "https://api.hipchat.com/v2/user/961951"
    }, 
    "mention_name": "KenKoldewyn", 
    "name": "Ken Koldewyn", 
    "version": "00000000"
  }, 
  "961952": {
    "id": 961952, 
    "links": {
      "self": "https://api.hipchat.com/v2/user/961952"
    }, 
    "mention_name": "JayPisarri", 
    "name": "Jay Pisarri", 
    "version": "00000000"
  }, 
  "961953": {
    "id": 961953, 
    "links": {
      "self": "https://api.hipchat.com/v2/user/961953"
    }, 
    "mention_name": "JamesMurphy", 
    "name": "James Murphy", 
    "version": "31619AE2"
  }, 
  "965384": {
    "id": 965384, 
    "links": {
      "self": "https://api.hipchat.com/v2/user/965384"
    }, 
    "mention_name": "TylerKirane", 
    "name": "Tyler Kirane", 
    "version": "00000000"
  }, 
  "965385": {
    "id": 965385, 
    "links": {
      "self": "https://api.hipchat.com/v2/user/965385"
    }, 
    "mention_name": "JoeTrombatore", 
    "name": "Joe Trombatore", 
    "version": "00000000"
  }, 
  "969242": {
    "id": 969242, 
    "links": {
      "self": "https://api.hipchat.com/v2/user/969242"
    }, 
    "mention_name": "EdWalker", 
    "name": "Ed Walker", 
    "version": "00000000"
  }, 
  "969243": {
    "id": 969243, 
    "links": {
      "self": "https://api.hipchat.com/v2/user/969243"
    }, 
    "mention_name": "CaseyBrown", 
    "name": "Casey Brown", 
    "version": "00000000"
  }, 
  "969265": {
    "id": 969265, 
    "links": {
      "self": "https://api.hipchat.com/v2/user/969265"
    }, 
    "mention_name": "ElvinCako", 
    "name": "Elvin Cako", 
    "version": "00000000"
  }, 
  "970418": {
    "id": 970418, 
    "links": {
      "self": "https://api.hipchat.com/v2/user/970418"
    }, 
    "mention_name": "Jonathan", 
    "name": "Jonathan Shapiro", 
    "version": "00000000"
  }, 
  "1002827": {
    "id": 1002827, 
    "links": {
      "self": "https://api.hipchat.com/v2/user/1002827"
    }, 
    "mention_name": "Joe", 
    "name": "Joe Cogo", 
    "version": "00000000"
  }, 
  "1009644": {
    "id": 1009644, 
    "links": {
      "self": "https://api.hipchat.com/v2/user/1009644"
    }, 
    "mention_name": "NinaHuynh", 
    "name": "Nina Huynh", 
    "version": "00000000"
  }, 
  "1009645": {
    "id": 1009645, 
    "links": {
      "self": "https://api.hipchat.com/v2/user/1009645"
    }, 
    "mention_name": "CogoGod", 
    "name": "Cogo God", 
    "version": "00000000"
  }, 
  "1009646": {
    "id": 1009646, 
    "links": {
      "self": "https://api.hipchat.com/v2/user/1009646"
    }, 
    "mention_name": "CharlesBarr", 
    "name": "Charles Barr", 
    "version": "00000000"
  }, 
  "1009647": {
    "id": 1009647, 
    "links": {
      "self": "https://api.hipchat.com/v2/user/1009647"
    }, 
    "mention_name": "michaelsestito", 
    "name": "Michael Sestito", 
    "version": "00000000"
  }, 
  "1009648": {
    "id": 1009648, 
    "links": {
      "self": "https://api.hipchat.com/v2/user/1009648"
    }, 
    "mention_name": "ScottStaniewicz", 
    "name": "Scott Staniewicz", 
    "version": "00000000"
  }, 
  "1009649": {
    "id": 1009649, 
    "links": {
      "self": "https://api.hipchat.com/v2/user/1009649"
    }, 
    "mention_name": "KatieGreen", 
    "name": "Katie Green", 
    "version": "41CEC2D6"
  }, 
  "1009650": {
    "id": 1009650, 
    "links": {
      "self": "https://api.hipchat.com/v2/user/1009650"
    }, 
    "mention_name": "TerryJames", 
    "name": "Terry James", 
    "version": "00000000"
  }, 
  "1009651": {
    "id": 1009651, 
    "links": {
      "self": "https://api.hipchat.com/v2/user/1009651"
    }, 
    "mention_name": "BenFeeser", 
    "name": "Ben Feeser", 
    "version": "00000000"
  }, 
  "1009652": {
    "id": 1009652, 
    "links": {
      "self": "https://api.hipchat.com/v2/user/1009652"
    }, 
    "mention_name": "LisaLebovici", 
    "name": "Lisa Lebovici", 
    "version": "00000000"
  }, 
  "1009653": {
    "id": 1009653, 
    "links": {
      "self": "https://api.hipchat.com/v2/user/1009653"
    }, 
    "mention_name": "alfredo", 
    "name": "Alfredo Luque", 
    "version": "00000000"
  }, 
  "1009654": {
    "id": 1009654, 
    "links": {
      "self": "https://api.hipchat.com/v2/user/1009654"
    }, 
    "mention_name": "RahulDesai", 
    "name": "Rahul Desai", 
    "version": "A349B987"
  }, 
  "1009655": {
    "id": 1009655, 
    "links": {
      "self": "https://api.hipchat.com/v2/user/1009655"
    }, 
    "mention_name": "AmandaSoehnlen", 
    "name": "Amanda Soehnlen", 
    "version": "00000000"
  }, 
  "1009656": {
    "id": 1009656, 
    "links": {
      "self": "https://api.hipchat.com/v2/user/1009656"
    }, 
    "mention_name": "MiraWilczek", 
    "name": "Mira Wilczek", 
    "version": "04BSP055"
  }, 
  "1009657": {
    "id": 1009657, 
    "links": {
      "self": "https://api.hipchat.com/v2/user/1009657"
    }, 
    "mention_name": "scottshou", 
    "name": "Scott Shou", 
    "version": "00000000"
  }, 
  "1009658": {
    "id": 1009658, 
    "links": {
      "self": "https://api.hipchat.com/v2/user/1009658"
    }, 
    "mention_name": "ToddFederman", 
    "name": "Todd Federman", 
    "version": "00000000"
  }, 
  "1009659": {
    "id": 1009659, 
    "links": {
      "self": "https://api.hipchat.com/v2/user/1009659"
    }, 
    "mention_name": "SpencerKline", 
    "name": "Spencer Kline", 
    "version": "00000000"
  }, 
  "1009660": {
    "id": 1009660, 
    "links": {
      "self": "https://api.hipchat.com/v2/user/1009660"
    }, 
    "mention_name": "MattAlbrecht", 
    "name": "Matt Albrecht", 
    "version": "00000000"
  }, 
  "1009661": {
    "id": 1009661, 
    "links": {
      "self": "https://api.hipchat.com/v2/user/1009661"
    }, 
    "mention_name": "RyanColombo", 
    "name": "Ryan Colombo", 
    "version": "00000000"
  }, 
  "1009662": {
    "id": 1009662, 
    "links": {
      "self": "https://api.hipchat.com/v2/user/1009662"
    }, 
    "mention_name": "RobertFisher", 
    "name": "Robert Fisher", 
    "version": "FM7VUKWE"
  }, 
  "1009663": {
    "id": 1009663, 
    "links": {
      "self": "https://api.hipchat.com/v2/user/1009663"
    }, 
    "mention_name": "MikeGnozzio", 
    "name": "Mike Gnozzio", 
    "version": "00000000"
  }, 
  "1009664": {
    "id": 1009664, 
    "links": {
      "self": "https://api.hipchat.com/v2/user/1009664"
    }, 
    "mention_name": "NiklasKubasek", 
    "name": "Niklas Kubasek", 
    "version": "00000000"
  }, 
  "1009665": {
    "id": 1009665, 
    "links": {
      "self": "https://api.hipchat.com/v2/user/1009665"
    }, 
    "mention_name": "KillianOConnor", 
    "name": "Killian O&#39;Connor", 
    "version": "00000000"
  }, 
  "1009666": {
    "id": 1009666, 
    "links": {
      "self": "https://api.hipchat.com/v2/user/1009666"
    }, 
    "mention_name": "MattPerry", 
    "name": "Matt Perry", 
    "version": "RUYCYW7O"
  }, 
  "1009668": {
    "id": 1009668, 
    "links": {
      "self": "https://api.hipchat.com/v2/user/1009668"
    }, 
    "mention_name": "JohnByers", 
    "name": "John Byers", 
    "version": "00000000"
  }, 
  "1009669": {
    "id": 1009669, 
    "links": {
      "self": "https://api.hipchat.com/v2/user/1009669"
    }, 
    "mention_name": "JohnRoland", 
    "name": "John Roland", 
    "version": "00000000"
  }, 
  "1009670": {
    "id": 1009670, 
    "links": {
      "self": "https://api.hipchat.com/v2/user/1009670"
    }, 
    "mention_name": "JeffreyConsidine", 
    "name": "Jeffrey Considine", 
    "version": "00000000"
  }, 
  "1009671": {
    "id": 1009671, 
    "links": {
      "self": "https://api.hipchat.com/v2/user/1009671"
    }, 
    "mention_name": "CraigLewin", 
    "name": "Craig Lewin", 
    "version": "00000000"
  }, 
  "1009672": {
    "id": 1009672, 
    "links": {
      "self": "https://api.hipchat.com/v2/user/1009672"
    }, 
    "mention_name": "BillFletcher", 
    "name": "Bill Fletcher", 
    "version": "XY85IWGB"
  }, 
  "1009685": {
    "id": 1009685, 
    "links": {
      "self": "https://api.hipchat.com/v2/user/1009685"
    }, 
    "mention_name": "BrianFrake", 
    "name": "Brian Frake", 
    "version": "00000000"
  }, 
  "1009686": {
    "id": 1009686, 
    "links": {
      "self": "https://api.hipchat.com/v2/user/1009686"
    }, 
    "mention_name": "JohnGiordano", 
    "name": "John Giordano", 
    "version": "00000000"
  }, 
  "1009687": {
    "id": 1009687, 
    "links": {
      "self": "https://api.hipchat.com/v2/user/1009687"
    }, 
    "mention_name": "jungyubl", 
    "name": "Jung Lee", 
    "version": "00000000"
  }, 
  "1009688": {
    "id": 1009688, 
    "links": {
      "self": "https://api.hipchat.com/v2/user/1009688"
    }, 
    "mention_name": "AlexSteiner", 
    "name": "Alexander Steiner", 
    "version": "00000000"
  }, 
  "1009689": {
    "id": 1009689, 
    "links": {
      "self": "https://api.hipchat.com/v2/user/1009689"
    }, 
    "mention_name": "SeanHirata", 
    "name": "Sean Hirata", 
    "version": "00000000"
  }, 
  "1009690": {
    "id": 1009690, 
    "links": {
      "self": "https://api.hipchat.com/v2/user/1009690"
    }, 
    "mention_name": "MiloMartinez", 
    "name": "Milo Martinez", 
    "version": "00000000"
  }, 
  "1009691": {
    "id": 1009691, 
    "links": {
      "self": "https://api.hipchat.com/v2/user/1009691"
    }, 
    "mention_name": "DerekBennewies", 
    "name": "Derek Bennewies", 
    "version": "00000000"
  }, 
  "1009692": {
    "id": 1009692, 
    "links": {
      "self": "https://api.hipchat.com/v2/user/1009692"
    }, 
    "mention_name": "BrendanMahoney", 
    "name": "Brendan Mahoney", 
    "version": "RRQ8DCOC"
  }, 
  "1009693": {
    "id": 1009693, 
    "links": {
      "self": "https://api.hipchat.com/v2/user/1009693"
    }, 
    "mention_name": "LuWang", 
    "name": "Lu Wang", 
    "version": "3E9B2089"
  }, 
  "1009694": {
    "id": 1009694, 
    "links": {
      "self": "https://api.hipchat.com/v2/user/1009694"
    }, 
    "mention_name": "ChristineBath", 
    "name": "Christine Bath", 
    "version": "00000000"
  }, 
  "1009695": {
    "id": 1009695, 
    "links": {
      "self": "https://api.hipchat.com/v2/user/1009695"
    }, 
    "mention_name": "DaveBlundin", 
    "name": "Dave Blundin", 
    "version": "83ARTSEX"
  }, 
  "1009696": {
    "id": 1009696, 
    "links": {
      "self": "https://api.hipchat.com/v2/user/1009696"
    }, 
    "mention_name": "BradSvenson", 
    "name": "Brad Svenson", 
    "version": "VY3DK60W"
  }, 
  "1009904": {
    "id": 1009904, 
    "links": {
      "self": "https://api.hipchat.com/v2/user/1009904"
    }, 
    "mention_name": "AaronMitchell", 
    "name": "Aaron Mitchell", 
    "version": "5ELI22NK"
  }, 
  "1009910": {
    "id": 1009910, 
    "links": {
      "self": "https://api.hipchat.com/v2/user/1009910"
    }, 
    "mention_name": "AaronSherman", 
    "name": "Aaron Sherman", 
    "version": "00000000"
  }, 
  "1009930": {
    "id": 1009930, 
    "links": {
      "self": "https://api.hipchat.com/v2/user/1009930"
    }, 
    "mention_name": "AndyByard", 
    "name": "Andy Byard", 
    "version": "00000000"
  }, 
  "1009932": {
    "id": 1009932, 
    "links": {
      "self": "https://api.hipchat.com/v2/user/1009932"
    }, 
    "mention_name": "Angelica", 
    "name": "Angelica Arnoux", 
    "version": "1C6DD86C"
  }, 
  "1009954": {
    "id": 1009954, 
    "links": {
      "self": "https://api.hipchat.com/v2/user/1009954"
    }, 
    "mention_name": "BatCave", 
    "name": "Bat Cave", 
    "version": "00000000"
  }, 
  "1010429": {
    "id": 1010429, 
    "links": {
      "self": "https://api.hipchat.com/v2/user/1010429"
    }, 
    "mention_name": "BrentJohnson", 
    "name": "Brent Johnson", 
    "version": "00000000"
  }, 
  "1010430": {
    "id": 1010430, 
    "links": {
      "self": "https://api.hipchat.com/v2/user/1010430"
    }, 
    "mention_name": "BrianKinney", 
    "name": "Brian Kinney", 
    "version": "00000000"
  }, 
  "1010458": {
    "id": 1010458, 
    "links": {
      "self": "https://api.hipchat.com/v2/user/1010458"
    }, 
    "mention_name": "CodySkinner", 
    "name": "Cody Skinner", 
    "version": "A18CEC47"
  }, 
  "1010460": {
    "id": 1010460, 
    "links": {
      "self": "https://api.hipchat.com/v2/user/1010460"
    }, 
    "mention_name": "colin", 
    "name": "Colin Matthias", 
    "version": "00000000"
  }, 
  "1010463": {
    "id": 1010463, 
    "links": {
      "self": "https://api.hipchat.com/v2/user/1010463"
    }, 
    "mention_name": "ConnorTaylor", 
    "name": "Connor Taylor", 
    "version": "00000000"
  }, 
  "1010466": {
    "id": 1010466, 
    "links": {
      "self": "https://api.hipchat.com/v2/user/1010466"
    }, 
    "mention_name": "DanielGriffin", 
    "name": "Daniel Griffin", 
    "version": "00000000"
  }, 
  "1010468": {
    "id": 1010468, 
    "links": {
      "self": "https://api.hipchat.com/v2/user/1010468"
    }, 
    "mention_name": "dbonner", 
    "name": "Dave Bonner", 
    "version": "0B41C4CA"
  }, 
  "1010474": {
    "id": 1010474, 
    "links": {
      "self": "https://api.hipchat.com/v2/user/1010474"
    }, 
    "mention_name": "dan", 
    "name": "Dan McDonough", 
    "version": "00000000"
  }, 
  "1010476": {
    "id": 1010476, 
    "links": {
      "self": "https://api.hipchat.com/v2/user/1010476"
    }, 
    "mention_name": "DavidLyle", 
    "name": "David Lyle", 
    "version": "00000000"
  }, 
  "1010479": {
    "id": 1010479, 
    "links": {
      "self": "https://api.hipchat.com/v2/user/1010479"
    }, 
    "mention_name": "darcygarrett", 
    "name": "Darcy Garrett", 
    "version": "00000000"
  }, 
  "1010487": {
    "id": 1010487, 
    "links": {
      "self": "https://api.hipchat.com/v2/user/1010487"
    }, 
    "mention_name": "DrewBerry", 
    "name": "Drew Berry", 
    "version": "00000000"
  }, 
  "1010489": {
    "id": 1010489, 
    "links": {
      "self": "https://api.hipchat.com/v2/user/1010489"
    }, 
    "mention_name": "Dylan", 
    "name": "Dylan Farnsworth", 
    "version": "00000000"
  }, 
  "1010490": {
    "id": 1010490, 
    "links": {
      "self": "https://api.hipchat.com/v2/user/1010490"
    }, 
    "mention_name": "elliot", 
    "name": "Elliot Pennington", 
    "version": "9A9B586E"
  }, 
  "1010491": {
    "id": 1010491, 
    "links": {
      "self": "https://api.hipchat.com/v2/user/1010491"
    }, 
    "mention_name": "EmilyWeil", 
    "name": "Emily Weil", 
    "version": "00000000"
  }, 
  "1010493": {
    "id": 1010493, 
    "links": {
      "self": "https://api.hipchat.com/v2/user/1010493"
    }, 
    "mention_name": "EricPeterson", 
    "name": "Eric Peterson", 
    "version": "00000000"
  }, 
  "1010495": {
    "id": 1010495, 
    "links": {
      "self": "https://api.hipchat.com/v2/user/1010495"
    }, 
    "mention_name": "GiorgosZervas", 
    "name": "Giorgos Zervas", 
    "version": "00000000"
  }, 
  "1010504": {
    "id": 1010504, 
    "links": {
      "self": "https://api.hipchat.com/v2/user/1010504"
    }, 
    "mention_name": "JenniferDouglas", 
    "name": "Jennifer Douglas", 
    "version": "3C642CFC"
  }, 
  "1010523": {
    "id": 1010523, 
    "links": {
      "self": "https://api.hipchat.com/v2/user/1010523"
    }, 
    "mention_name": "JoyJing", 
    "name": "Joy Jing", 
    "version": "7873A6A9"
  }, 
  "1010526": {
    "id": 1010526, 
    "links": {
      "self": "https://api.hipchat.com/v2/user/1010526"
    }, 
    "mention_name": "KevinFanning", 
    "name": "Kevin Fanning", 
    "version": "MF2FFBQV"
  }, 
  "1010528": {
    "id": 1010528, 
    "links": {
      "self": "https://api.hipchat.com/v2/user/1010528"
    }, 
    "mention_name": "KatelynSousa", 
    "name": "Katelyn Sousa", 
    "version": "42659D32"
  }, 
  "1010532": {
    "id": 1010532, 
    "links": {
      "self": "https://api.hipchat.com/v2/user/1010532"
    }, 
    "mention_name": "KevinGillespie", 
    "name": "Kevin Gillespie", 
    "version": "00000000"
  }, 
  "1010534": {
    "id": 1010534, 
    "links": {
      "self": "https://api.hipchat.com/v2/user/1010534"
    }, 
    "mention_name": "KevinTruong", 
    "name": "Kevin Truong", 
    "version": "33373C1D"
  }, 
  "1010536": {
    "id": 1010536, 
    "links": {
      "self": "https://api.hipchat.com/v2/user/1010536"
    }, 
    "mention_name": "LaylaLynn", 
    "name": "Layla Lynn", 
    "version": "9C37D6F6"
  }, 
  "1010537": {
    "id": 1010537, 
    "links": {
      "self": "https://api.hipchat.com/v2/user/1010537"
    }, 
    "mention_name": "LukeSimon", 
    "name": "Luke Simon", 
    "version": "00000000"
  }, 
  "1010541": {
    "id": 1010541, 
    "links": {
      "self": "https://api.hipchat.com/v2/user/1010541"
    }, 
    "mention_name": "MattBrenman", 
    "name": "Matt Brenman", 
    "version": "00000000"
  }, 
  "1010542": {
    "id": 1010542, 
    "links": {
      "self": "https://api.hipchat.com/v2/user/1010542"
    }, 
    "mention_name": "MatthewWiens", 
    "name": "Matthew Wiens", 
    "version": "00000000"
  }, 
  "1010544": {
    "id": 1010544, 
    "links": {
      "self": "https://api.hipchat.com/v2/user/1010544"
    }, 
    "mention_name": "MelissaLi", 
    "name": "Melissa Li", 
    "version": "00000000"
  }, 
  "1010545": {
    "id": 1010545, 
    "links": {
      "self": "https://api.hipchat.com/v2/user/1010545"
    }, 
    "mention_name": "MichaelMacasek", 
    "name": "Michael Macasek", 
    "version": "00000000"
  }, 
  "1010550": {
    "id": 1010550, 
    "links": {
      "self": "https://api.hipchat.com/v2/user/1010550"
    }, 
    "mention_name": "PatrickGoss", 
    "name": "Patrick Goss", 
    "version": "00000000"
  }, 
  "1010554": {
    "id": 1010554, 
    "links": {
      "self": "https://api.hipchat.com/v2/user/1010554"
    }, 
    "mention_name": "PortiaConsidine", 
    "name": "Portia Considine", 
    "version": "QXCZ9WDU"
  }, 
  "1010555": {
    "id": 1010555, 
    "links": {
      "self": "https://api.hipchat.com/v2/user/1010555"
    }, 
    "mention_name": "QuynhNguyen", 
    "name": "Quynh Nguyen", 
    "version": "00000000"
  }, 
  "1010557": {
    "id": 1010557, 
    "links": {
      "self": "https://api.hipchat.com/v2/user/1010557"
    }, 
    "mention_name": "SamanthaMerrill", 
    "name": "Samantha Merrill", 
    "version": "D4B46D4E"
  }, 
  "1010559": {
    "id": 1010559, 
    "links": {
      "self": "https://api.hipchat.com/v2/user/1010559"
    }, 
    "mention_name": "SamuelMarkson", 
    "name": "Samuel Markson", 
    "version": "00000000"
  }, 
  "1010560": {
    "id": 1010560, 
    "links": {
      "self": "https://api.hipchat.com/v2/user/1010560"
    }, 
    "mention_name": "SeanHan", 
    "name": "Sean Han", 
    "version": "5F9B915C"
  }, 
  "1010561": {
    "id": 1010561, 
    "links": {
      "self": "https://api.hipchat.com/v2/user/1010561"
    }, 
    "mention_name": "SeanMacArthur", 
    "name": "Sean MacArthur", 
    "version": "00000000"
  }, 
  "1010562": {
    "id": 1010562, 
    "links": {
      "self": "https://api.hipchat.com/v2/user/1010562"
    }, 
    "mention_name": "TylerDumont", 
    "name": "Tyler Dumont", 
    "version": "5E48D463"
  }, 
  "1010564": {
    "id": 1010564, 
    "links": {
      "self": "https://api.hipchat.com/v2/user/1010564"
    }, 
    "mention_name": "VeronicaHannan", 
    "name": "Veronica Hannan", 
    "version": "1412719B"
  }, 
  "1010567": {
    "id": 1010567, 
    "links": {
      "self": "https://api.hipchat.com/v2/user/1010567"
    }, 
    "mention_name": "Wade", 
    "name": "Wade Phenicie", 
    "version": "4HZLCMRJ"
  }, 
  "1016903": {
    "id": 1016903, 
    "links": {
      "self": "https://api.hipchat.com/v2/user/1016903"
    }, 
    "mention_name": "BenMattocks", 
    "name": "Ben Mattocks", 
    "version": "C99F8BF3"
  }, 
  "1016904": {
    "id": 1016904, 
    "links": {
      "self": "https://api.hipchat.com/v2/user/1016904"
    }, 
    "mention_name": "JacobSilber", 
    "name": "Jacob Silber", 
    "version": "DIY7KK20"
  }, 
  "1016905": {
    "id": 1016905, 
    "links": {
      "self": "https://api.hipchat.com/v2/user/1016905"
    }, 
    "mention_name": "AndrewRessler", 
    "name": "Andrew Ressler", 
    "version": "00000000"
  }, 
  "1016906": {
    "id": 1016906, 
    "links": {
      "self": "https://api.hipchat.com/v2/user/1016906"
    }, 
    "mention_name": "DanRoss", 
    "name": "Dan Ross", 
    "version": "00000000"
  }, 
  "1016907": {
    "id": 1016907, 
    "links": {
      "self": "https://api.hipchat.com/v2/user/1016907"
    }, 
    "mention_name": "VinithAnnam", 
    "name": "Vinith Annam", 
    "version": "C0J7ZWRM"
  }, 
  "1016908": {
    "id": 1016908, 
    "links": {
      "self": "https://api.hipchat.com/v2/user/1016908"
    }, 
    "mention_name": "KevinSheldon", 
    "name": "Kevin Sheldon", 
    "version": "B8XN0PRN"
  }, 
  "1016909": {
    "id": 1016909, 
    "links": {
      "self": "https://api.hipchat.com/v2/user/1016909"
    }, 
    "mention_name": "ShawnChoudhury", 
    "name": "Shawn Choudhury", 
    "version": "00000000"
  }, 
  "1016911": {
    "id": 1016911, 
    "links": {
      "self": "https://api.hipchat.com/v2/user/1016911"
    }, 
    "mention_name": "EunjiShim", 
    "name": "Eunji Shim", 
    "version": "00000000"
  }, 
  "1016912": {
    "id": 1016912, 
    "links": {
      "self": "https://api.hipchat.com/v2/user/1016912"
    }, 
    "mention_name": "AndrewSmist", 
    "name": "Andrew Smist", 
    "version": "00000000"
  }, 
  "1016913": {
    "id": 1016913, 
    "links": {
      "self": "https://api.hipchat.com/v2/user/1016913"
    }, 
    "mention_name": "AdamWilner", 
    "name": "Adam Wilner", 
    "version": "00000000"
  }, 
  "1016914": {
    "id": 1016914, 
    "links": {
      "self": "https://api.hipchat.com/v2/user/1016914"
    }, 
    "mention_name": "SharifYounes", 
    "name": "Sharif Younes", 
    "version": "00000000"
  }, 
  "1016915": {
    "id": 1016915, 
    "links": {
      "self": "https://api.hipchat.com/v2/user/1016915"
    }, 
    "mention_name": "TedChan", 
    "name": "Ted Chan", 
    "version": "00000000"
  }, 
  "1016916": {
    "id": 1016916, 
    "links": {
      "self": "https://api.hipchat.com/v2/user/1016916"
    }, 
    "mention_name": "HanhPham", 
    "name": "Hanh Pham", 
    "version": "EA2E295E"
  }, 
  "1016917": {
    "id": 1016917, 
    "links": {
      "self": "https://api.hipchat.com/v2/user/1016917"
    }, 
    "mention_name": "DarrylAuguste", 
    "name": "Darryl Auguste", 
    "version": "00000000"
  }, 
  "1016921": {
    "id": 1016921, 
    "links": {
      "self": "https://api.hipchat.com/v2/user/1016921"
    }, 
    "mention_name": "KevinThompson", 
    "name": "Kevin Thompson", 
    "version": "00000000"
  }, 
  "1016922": {
    "id": 1016922, 
    "links": {
      "self": "https://api.hipchat.com/v2/user/1016922"
    }, 
    "mention_name": "BenSaufley", 
    "name": "Ben Saufley", 
    "version": "00000000"
  }, 
  "1016923": {
    "id": 1016923, 
    "links": {
      "self": "https://api.hipchat.com/v2/user/1016923"
    }, 
    "mention_name": "JesseWolf", 
    "name": "Jesse Wolf", 
    "version": "00000000"
  }, 
  "1016924": {
    "id": 1016924, 
    "links": {
      "self": "https://api.hipchat.com/v2/user/1016924"
    }, 
    "mention_name": "AnhDo", 
    "name": "Anh Do", 
    "version": "00000000"
  }, 
  "1016925": {
    "id": 1016925, 
    "links": {
      "self": "https://api.hipchat.com/v2/user/1016925"
    }, 
    "mention_name": "CaileyFrancioso", 
    "name": "Cailey Francioso", 
    "version": "00000000"
  }, 
  "1016926": {
    "id": 1016926, 
    "links": {
      "self": "https://api.hipchat.com/v2/user/1016926"
    }, 
    "mention_name": "AlexisO39Connell", 
    "name": "Alexis O&#39;Connell", 
    "version": "00000000"
  }, 
  "1016928": {
    "id": 1016928, 
    "links": {
      "self": "https://api.hipchat.com/v2/user/1016928"
    }, 
    "mention_name": "GinnyTang", 
    "name": "Ginny Tang", 
    "version": "00000000"
  }, 
  "1016929": {
    "id": 1016929, 
    "links": {
      "self": "https://api.hipchat.com/v2/user/1016929"
    }, 
    "mention_name": "KatiePoore", 
    "name": "Katie Poore", 
    "version": "GXL00Y8S"
  }, 
  "1016930": {
    "id": 1016930, 
    "links": {
      "self": "https://api.hipchat.com/v2/user/1016930"
    }, 
    "mention_name": "BrianStapleton", 
    "name": "Brian Stapleton", 
    "version": "00000000"
  }, 
  "1017057": {
    "id": 1017057, 
    "links": {
      "self": "https://api.hipchat.com/v2/user/1017057"
    }, 
    "mention_name": "BethSchaffer", 
    "name": "Beth Schaffer", 
    "version": "00000000"
  }, 
  "1017058": {
    "id": 1017058, 
    "links": {
      "self": "https://api.hipchat.com/v2/user/1017058"
    }, 
    "mention_name": "BethStreeter", 
    "name": "Beth Streeter", 
    "version": "445ED734"
  }, 
  "1017062": {
    "id": 1017062, 
    "links": {
      "self": "https://api.hipchat.com/v2/user/1017062"
    }, 
    "mention_name": "DaveVislosky", 
    "name": "Dave Vislosky", 
    "version": "00000000"
  }, 
  "1017079": {
    "id": 1017079, 
    "links": {
      "self": "https://api.hipchat.com/v2/user/1017079"
    }, 
    "mention_name": "MohamedMoaz", 
    "name": "Mohamed Moaz", 
    "version": "00000000"
  }, 
  "1017268": {
    "id": 1017268, 
    "links": {
      "self": "https://api.hipchat.com/v2/user/1017268"
    }, 
    "mention_name": "FernandoCerullo", 
    "name": "Fernando Cerullo", 
    "version": "00000000"
  }, 
  "1023159": {
    "id": 1023159, 
    "links": {
      "self": "https://api.hipchat.com/v2/user/1023159"
    }, 
    "mention_name": "cogobot", 
    "name": "Hip ChatAPI", 
    "version": "00000000"
  }, 
  "1030913": {
    "id": 1030913, 
    "links": {
      "self": "https://api.hipchat.com/v2/user/1030913"
    }, 
    "mention_name": "ChuckJohnson", 
    "name": "Chuck Johnson", 
    "version": "00000000"
  }, 
  "1033289": {
    "id": 1033289, 
    "links": {
      "self": "https://api.hipchat.com/v2/user/1033289"
    }, 
    "mention_name": "JanineGregory", 
    "name": "Janine Gregory", 
    "version": "00000000"
  }, 
  "1034175": {
    "id": 1034175, 
    "links": {
      "self": "https://api.hipchat.com/v2/user/1034175"
    }, 
    "mention_name": "SungJaeLee", 
    "name": "Sung Jae Lee", 
    "version": "00000000"
  }, 
  "1034549": {
    "id": 1034549, 
    "links": {
      "self": "https://api.hipchat.com/v2/user/1034549"
    }, 
    "mention_name": "EvanTencer", 
    "name": "Evan Tencer", 
    "version": "00000000"
  }, 
  "1041882": {
    "id": 1041882, 
    "links": {
      "self": "https://api.hipchat.com/v2/user/1041882"
    }, 
    "mention_name": "WilliamGreene", 
    "name": "William Greene", 
    "version": "00000000"
  }, 
  "1053050": {
    "id": 1053050, 
    "links": {
      "self": "https://api.hipchat.com/v2/user/1053050"
    }, 
    "mention_name": "ming", 
    "name": "Ming Zhang", 
    "version": "H8J8PBJE"
  }, 
  "1054511": {
    "id": 1054511, 
    "links": {
      "self": "https://api.hipchat.com/v2/user/1054511"
    }, 
    "mention_name": "MattCarlone", 
    "name": "Matt Carlone", 
    "version": "00000000"
  }, 
  "1054512": {
    "id": 1054512, 
    "links": {
      "self": "https://api.hipchat.com/v2/user/1054512"
    }, 
    "mention_name": "MattGuerin", 
    "name": "Matt Guerin", 
    "version": "C159ZZHR"
  }, 
  "1066474": {
    "id": 1066474, 
    "links": {
      "self": "https://api.hipchat.com/v2/user/1066474"
    }, 
    "mention_name": "MaryDonohoe", 
    "name": "Mary Donohoe", 
    "version": "00000000"
  }, 
  "1069703": {
    "id": 1069703, 
    "links": {
      "self": "https://api.hipchat.com/v2/user/1069703"
    }, 
    "mention_name": "NickGiordano", 
    "name": "Nick Giordano", 
    "version": "00000000"
  }, 
  "1123614": {
    "id": 1123614, 
    "links": {
      "self": "https://api.hipchat.com/v2/user/1123614"
    }, 
    "mention_name": "ShuWang", 
    "name": "Shu Wang", 
    "version": "00000000"
  }, 
  "1138261": {
    "id": 1138261, 
    "links": {
      "self": "https://api.hipchat.com/v2/user/1138261"
    }, 
    "mention_name": "ThomasKeefe", 
    "name": "Thomas Keefe", 
    "version": "YZQHE182"
  }, 
  "1138262": {
    "id": 1138262, 
    "links": {
      "self": "https://api.hipchat.com/v2/user/1138262"
    }, 
    "mention_name": "PeterTracy", 
    "name": "Peter Tracy", 
    "version": "TDTKFKNZ"
  }, 
  "1138517": {
    "id": 1138517, 
    "links": {
      "self": "https://api.hipchat.com/v2/user/1138517"
    }, 
    "mention_name": "ShawnTariq", 
    "name": "Shawn Tariq", 
    "version": "00000000"
  }, 
  "1138519": {
    "id": 1138519, 
    "links": {
      "self": "https://api.hipchat.com/v2/user/1138519"
    }, 
    "mention_name": "SimonSkates", 
    "name": "Simon Skates", 
    "version": "00000000"
  }, 
  "1138521": {
    "id": 1138521, 
    "links": {
      "self": "https://api.hipchat.com/v2/user/1138521"
    }, 
    "mention_name": "JackieDiLorenzo", 
    "name": "Jackie DiLorenzo", 
    "version": "ZZO2ZD27"
  }, 
  "1142389": {
    "id": 1142389, 
    "links": {
      "self": "https://api.hipchat.com/v2/user/1142389"
    }, 
    "mention_name": "EugenioMariaCiancimino", 
    "name": "Eugenio Maria Ciancimino", 
    "version": "00000000"
  }, 
  "1155792": {
    "id": 1155792, 
    "links": {
      "self": "https://api.hipchat.com/v2/user/1155792"
    }, 
    "mention_name": "SharedReporting", 
    "name": "Shared Reporting", 
    "version": "00000000"
  }, 
  "1158589": {
    "id": 1158589, 
    "links": {
      "self": "https://api.hipchat.com/v2/user/1158589"
    }, 
    "mention_name": "RoryQuinlan", 
    "name": "Rory Quinlan", 
    "version": "00000000"
  }, 
  "1158592": {
    "id": 1158592, 
    "links": {
      "self": "https://api.hipchat.com/v2/user/1158592"
    }, 
    "mention_name": "DavisWhitehead", 
    "name": "Davis Whitehead", 
    "version": "00000000"
  }, 
  "1177227": {
    "id": 1177227, 
    "links": {
      "self": "https://api.hipchat.com/v2/user/1177227"
    }, 
    "mention_name": "MarwanAwad", 
    "name": "Marwan Awad", 
    "version": "5FAD7B5D"
  }, 
  "1187585": {
    "id": 1187585, 
    "links": {
      "self": "https://api.hipchat.com/v2/user/1187585"
    }, 
    "mention_name": "SeongHwang", 
    "name": "Seong Hwang", 
    "version": "CDECD7AF"
  }, 
  "1211495": {
    "id": 1211495, 
    "links": {
      "self": "https://api.hipchat.com/v2/user/1211495"
    }, 
    "mention_name": "TomasMorenoVasquez", 
    "name": "Tomas Moreno-Vasquez", 
    "version": "LITC38YC"
  }, 
  "1251724": {
    "id": 1251724, 
    "links": {
      "self": "https://api.hipchat.com/v2/user/1251724"
    }, 
    "mention_name": "HuiziXu", 
    "name": "Huizi Xu", 
    "version": "00000000"
  }, 
  "1260957": {
    "id": 1260957, 
    "links": {
      "self": "https://api.hipchat.com/v2/user/1260957"
    }, 
    "mention_name": "AlecLai", 
    "name": "Alec Lai", 
    "version": "00000000"
  }, 
  "1265223": {
    "id": 1265223, 
    "links": {
      "self": "https://api.hipchat.com/v2/user/1265223"
    }, 
    "mention_name": "WilliamPettengill", 
    "name": "William Pettengill", 
    "version": "00000000"
  }, 
  "1265254": {
    "id": 1265254, 
    "links": {
      "self": "https://api.hipchat.com/v2/user/1265254"
    }, 
    "mention_name": "LaurenFisher", 
    "name": "Lauren Fisher", 
    "version": "ATF8IH4Q"
  }, 
  "1270989": {
    "id": 1270989, 
    "links": {
      "self": "https://api.hipchat.com/v2/user/1270989"
    }, 
    "mention_name": "KristinaHagen", 
    "name": "Kristina Hagen", 
    "version": "00000000"
  }, 
  "1271039": {
    "id": 1271039, 
    "links": {
      "self": "https://api.hipchat.com/v2/user/1271039"
    }, 
    "mention_name": "EmilyKilgore", 
    "name": "Emily Kilgore", 
    "version": "00000000"
  }, 
  "1274188": {
    "id": 1274188, 
    "links": {
      "self": "https://api.hipchat.com/v2/user/1274188"
    }, 
    "mention_name": "ConnorTaylor2", 
    "name": "Connor Taylor", 
    "version": "NRM3DLAL"
  }, 
  "1283305": {
    "id": 1283305, 
    "links": {
      "self": "https://api.hipchat.com/v2/user/1283305"
    }, 
    "mention_name": "EdinDeljkic", 
    "name": "Edin Deljkic", 
    "version": "50BD5236"
  }, 
  "1283307": {
    "id": 1283307, 
    "links": {
      "self": "https://api.hipchat.com/v2/user/1283307"
    }, 
    "mention_name": "SamirEljazovic", 
    "name": "Samir Eljazovic", 
    "version": "00000000"
  }, 
  "1300612": {
    "id": 1300612, 
    "links": {
      "self": "https://api.hipchat.com/v2/user/1300612"
    }, 
    "mention_name": "MollySowers", 
    "name": "Molly Sowers", 
    "version": "AO3LI0T8"
  }, 
  "1324835": {
    "id": 1324835, 
    "links": {
      "self": "https://api.hipchat.com/v2/user/1324835"
    }, 
    "mention_name": "AndrewChristo", 
    "name": "Andrew Christo", 
    "version": "00000000"
  }, 
  "1324871": {
    "id": 1324871, 
    "links": {
      "self": "https://api.hipchat.com/v2/user/1324871"
    }, 
    "mention_name": "GoldenGod", 
    "name": "Chris Lester", 
    "version": "00000000"
  }, 
  "1339214": {
    "id": 1339214, 
    "links": {
      "self": "https://api.hipchat.com/v2/user/1339214"
    }, 
    "mention_name": "CindyBirnbaum", 
    "name": "Cindy Birnbaum", 
    "version": "00000000"
  }, 
  "1374797": {
    "id": 1374797, 
    "links": {
      "self": "https://api.hipchat.com/v2/user/1374797"
    }, 
    "mention_name": "JohnLunny", 
    "name": "John Lunny", 
    "version": "00000000"
  }, 
  "1380565": {
    "id": 1380565, 
    "links": {
      "self": "https://api.hipchat.com/v2/user/1380565"
    }, 
    "mention_name": "CyndyPatrick", 
    "name": "Cyndy Patrick", 
    "version": "00000000"
  }, 
  "1391651": {
    "id": 1391651, 
    "links": {
      "self": "https://api.hipchat.com/v2/user/1391651"
    }, 
    "mention_name": "BrianTodd", 
    "name": "Brian Todd", 
    "version": "X59ARK5E"
  }, 
  "1391654": {
    "id": 1391654, 
    "links": {
      "self": "https://api.hipchat.com/v2/user/1391654"
    }, 
    "mention_name": "AlexCornford", 
    "name": "Alex Cornford", 
    "version": "F6093E0A"
  }, 
  "1419680": {
    "id": 1419680, 
    "links": {
      "self": "https://api.hipchat.com/v2/user/1419680"
    }, 
    "mention_name": "VyNguyen", 
    "name": "Vy Nguyen", 
    "version": "ZKRSZSLN"
  }, 
  "1420385": {
    "id": 1420385, 
    "links": {
      "self": "https://api.hipchat.com/v2/user/1420385"
    }, 
    "mention_name": "AndyWong", 
    "name": "Andy Wong", 
    "version": "00000000"
  }, 
  "1420392": {
    "id": 1420392, 
    "links": {
      "self": "https://api.hipchat.com/v2/user/1420392"
    }, 
    "mention_name": "AlexBuchanan", 
    "name": "Alex Buchanan", 
    "version": "00000000"
  }, 
  "1437678": {
    "id": 1437678, 
    "links": {
      "self": "https://api.hipchat.com/v2/user/1437678"
    }, 
    "mention_name": "AnnePope", 
    "name": "Anne Pope", 
    "version": "00000000"
  }, 
  "1437929": {
    "id": 1437929, 
    "links": {
      "self": "https://api.hipchat.com/v2/user/1437929"
    }, 
    "mention_name": "MaxDrabkin", 
    "name": "Max Drabkin", 
    "version": "45CAF0BD"
  }, 
  "1467534": {
    "id": 1467534, 
    "links": {
      "self": "https://api.hipchat.com/v2/user/1467534"
    }, 
    "mention_name": "MikeWallace", 
    "name": "Mike Wallace", 
    "version": "00000000"
  }, 
  "1490272": {
    "id": 1490272, 
    "links": {
      "self": "https://api.hipchat.com/v2/user/1490272"
    }, 
    "mention_name": "AllenLee", 
    "name": "Allen Lee", 
    "version": "00000000"
  }, 
  "1500725": {
    "id": 1500725, 
    "links": {
      "self": "https://api.hipchat.com/v2/user/1500725"
    }, 
    "mention_name": "ShariEleftherion", 
    "name": "Shari Eleftherion", 
    "version": "00000000"
  }, 
  "1512845": {
    "id": 1512845, 
    "links": {
      "self": "https://api.hipchat.com/v2/user/1512845"
    }, 
    "mention_name": "JunOh", 
    "name": "Jun Oh", 
    "version": "794D12C1"
  }, 
  "1514867": {
    "id": 1514867, 
    "links": {
      "self": "https://api.hipchat.com/v2/user/1514867"
    }, 
    "mention_name": "NickComment", 
    "name": "Nick Comment", 
    "version": "JIW6Z0K6"
  }, 
  "1564548": {
    "id": 1564548, 
    "links": {
      "self": "https://api.hipchat.com/v2/user/1564548"
    }, 
    "mention_name": "BrianEck", 
    "name": "Brian Eck", 
    "version": "CH046KJA"
  }, 
  "1577005": {
    "id": 1577005, 
    "links": {
      "self": "https://api.hipchat.com/v2/user/1577005"
    }, 
    "mention_name": "KyleClark", 
    "name": "Kyle Clark", 
    "version": "567A7F9B"
  }, 
  "1578258": {
    "id": 1578258, 
    "links": {
      "self": "https://api.hipchat.com/v2/user/1578258"
    }, 
    "mention_name": "ElenaPolozova", 
    "name": "Elena Polozova", 
    "version": "5135FCDC"
  }, 
  "1621332": {
    "id": 1621332, 
    "links": {
      "self": "https://api.hipchat.com/v2/user/1621332"
    }, 
    "mention_name": "JakeVallejo", 
    "name": "Jacob Vallejo", 
    "version": "00000000"
  }, 
  "1641693": {
    "id": 1641693, 
    "links": {
      "self": "https://api.hipchat.com/v2/user/1641693"
    }, 
    "mention_name": "AnnaMarden", 
    "name": "Anna Marden", 
    "version": "00000000"
  }, 
  "1660640": {
    "id": 1660640, 
    "links": {
      "self": "https://api.hipchat.com/v2/user/1660640"
    }, 
    "mention_name": "AlyssaGriffin", 
    "name": "Alyssa Griffin", 
    "version": "00000000"
  }, 
  "1690642": {
    "id": 1690642, 
    "links": {
      "self": "https://api.hipchat.com/v2/user/1690642"
    }, 
    "mention_name": "PratimaGhale", 
    "name": "Pratima Ghale", 
    "version": "00000000"
  }, 
  "1802191": {
    "id": 1802191, 
    "links": {
      "self": "https://api.hipchat.com/v2/user/1802191"
    }, 
    "mention_name": "WilliamHo", 
    "name": "William Ho", 
    "version": "00000000"
  }, 
  "1874345": {
    "id": 1874345, 
    "links": {
      "self": "https://api.hipchat.com/v2/user/1874345"
    }, 
    "mention_name": "ZooeyArnoldConner", 
    "name": "Zooey Arnold-Conner", 
    "version": "00000000"
  }, 
  "1894166": {
    "id": 1894166, 
    "links": {
      "self": "https://api.hipchat.com/v2/user/1894166"
    }, 
    "mention_name": "Stephen", 
    "name": "Stephen Tang", 
    "version": "P1L9GH1R"
  }, 
  "1894203": {
    "id": 1894203, 
    "links": {
      "self": "https://api.hipchat.com/v2/user/1894203"
    }, 
    "mention_name": "MariyaLukashenko", 
    "name": "Mariya Lukashenko", 
    "version": "1C3RREKX"
  }, 
  "1908063": {
    "id": 1908063, 
    "links": {
      "self": "https://api.hipchat.com/v2/user/1908063"
    }, 
    "mention_name": "ZachBregman", 
    "name": "Zach Bregman", 
    "version": "0D146D49"
  }, 
  "1920457": {
    "id": 1920457, 
    "links": {
      "self": "https://api.hipchat.com/v2/user/1920457"
    }, 
    "mention_name": "unknown", 
    "name": "unknown unknown", 
    "version": "00000000"
  }, 
  "1930730": {
    "id": 1930730, 
    "links": {
      "self": "https://api.hipchat.com/v2/user/1930730"
    }, 
    "mention_name": "JenCugini", 
    "name": "Jen Cugini", 
    "version": "00000000"
  }, 
  "1931515": {
    "id": 1931515, 
    "links": {
      "self": "https://api.hipchat.com/v2/user/1931515"
    }, 
    "mention_name": "JessicaMcGuire", 
    "name": "Jessica McGuire", 
    "version": "00000000"
  }, 
  "1933314": {
    "id": 1933314, 
    "links": {
      "self": "https://api.hipchat.com/v2/user/1933314"
    }, 
    "mention_name": "ClaireAyendi", 
    "name": "Claire Ayendi", 
    "version": "00000000"
  }, 
  "1950032": {
    "id": 1950032, 
    "links": {
      "self": "https://api.hipchat.com/v2/user/1950032"
    }, 
    "mention_name": "LizPeirce", 
    "name": "Liz Peirce", 
    "version": "00000000"
  }, 
  "1988998": {
    "id": 1988998, 
    "links": {
      "self": "https://api.hipchat.com/v2/user/1988998"
    }, 
    "mention_name": "AlbertRodenius", 
    "name": "Albert Rodenius", 
    "version": "00000000"
  }, 
  "2037322": {
    "id": 2037322, 
    "links": {
      "self": "https://api.hipchat.com/v2/user/2037322"
    }, 
    "mention_name": "JohnPappas", 
    "name": "John Pappas", 
    "version": "00000000"
  }, 
  "2079636": {
    "id": 2079636, 
    "links": {
      "self": "https://api.hipchat.com/v2/user/2079636"
    }, 
    "mention_name": "PaulKruczynski", 
    "name": "Paul Kruczynski", 
    "version": "00000000"
  }, 
  "2084862": {
    "id": 2084862, 
    "links": {
      "self": "https://api.hipchat.com/v2/user/2084862"
    }, 
    "mention_name": "WoojuLee", 
    "name": "Wooju Lee", 
    "version": "2Q83KICZ"
  }, 
  "2091859": {
    "id": 2091859, 
    "links": {
      "self": "https://api.hipchat.com/v2/user/2091859"
    }, 
    "mention_name": "GrantNeubauer", 
    "name": "Grant Neubauer", 
    "version": "LMKS6B6E"
  }, 
  "2136084": {
    "id": 2136084, 
    "links": {
      "self": "https://api.hipchat.com/v2/user/2136084"
    }, 
    "mention_name": "graceadamson", 
    "name": "grace adamson", 
    "version": "RA33ZYC2"
  }, 
  "2145065": {
    "id": 2145065, 
    "links": {
      "self": "https://api.hipchat.com/v2/user/2145065"
    }, 
    "mention_name": "EmmaAdelman", 
    "name": "Emma Adelman", 
    "version": "00000000"
  }, 
  "2158155": {
    "id": 2158155, 
    "links": {
      "self": "https://api.hipchat.com/v2/user/2158155"
    }, 
    "mention_name": "DanielMay", 
    "name": "Daniel May", 
    "version": "7UHYXPWE"
  }, 
  "2173722": {
    "id": 2173722, 
    "links": {
      "self": "https://api.hipchat.com/v2/user/2173722"
    }, 
    "mention_name": "TylerSadler", 
    "name": "Tyler Sadler", 
    "version": "BP7GTZU4"
  }, 
  "2203336": {
    "id": 2203336, 
    "links": {
      "self": "https://api.hipchat.com/v2/user/2203336"
    }, 
    "mention_name": "LauraHofmann", 
    "name": "Laura Hofmann", 
    "version": "F2B05AC5"
  }, 
  "2203356": {
    "id": 2203356, 
    "links": {
      "self": "https://api.hipchat.com/v2/user/2203356"
    }, 
    "mention_name": "KarinaChan", 
    "name": "Karina Chan", 
    "version": "D317E9B4"
  }, 
  "2203359": {
    "id": 2203359, 
    "links": {
      "self": "https://api.hipchat.com/v2/user/2203359"
    }, 
    "mention_name": "CharlesKelman", 
    "name": "Charles Kelman", 
    "version": "0855EA9A"
  }, 
  "2203365": {
    "id": 2203365, 
    "links": {
      "self": "https://api.hipchat.com/v2/user/2203365"
    }, 
    "mention_name": "AnnaRichardson", 
    "name": "Anna Richardson", 
    "version": "00000000"
  }, 
  "2203373": {
    "id": 2203373, 
    "links": {
      "self": "https://api.hipchat.com/v2/user/2203373"
    }, 
    "mention_name": "AlyssaLaiacona", 
    "name": "Alyssa Laiacona", 
    "version": "D7A75F10"
  }, 
  "2203380": {
    "id": 2203380, 
    "links": {
      "self": "https://api.hipchat.com/v2/user/2203380"
    }, 
    "mention_name": "ElizabethBurg", 
    "name": "Elizabeth Burg", 
    "version": "65077207"
  }, 
  "2207876": {
    "id": 2207876, 
    "links": {
      "self": "https://api.hipchat.com/v2/user/2207876"
    }, 
    "mention_name": "ThaoNguyen", 
    "name": "Thao Nguyen", 
    "version": "76THN3CH"
  }, 
  "2209177": {
    "id": 2209177, 
    "links": {
      "self": "https://api.hipchat.com/v2/user/2209177"
    }, 
    "mention_name": "OliviaOndeck", 
    "name": "Olivia Ondeck", 
    "version": "51AA8C3D"
  }, 
  "2209350": {
    "id": 2209350, 
    "links": {
      "self": "https://api.hipchat.com/v2/user/2209350"
    }, 
    "mention_name": "MichaelTran", 
    "name": "Michael Tran", 
    "version": "00000000"
  }, 
  "2209372": {
    "id": 2209372, 
    "links": {
      "self": "https://api.hipchat.com/v2/user/2209372"
    }, 
    "mention_name": "DanielDouglass", 
    "name": "Daniel Douglass", 
    "version": "5B4C1092"
  }, 
  "2209384": {
    "id": 2209384, 
    "links": {
      "self": "https://api.hipchat.com/v2/user/2209384"
    }, 
    "mention_name": "JiachengFeng", 
    "name": "Jiacheng Feng", 
    "version": "00000000"
  }, 
  "2272850": {
    "id": 2272850, 
    "links": {
      "self": "https://api.hipchat.com/v2/user/2272850"
    }, 
    "mention_name": "RanJi", 
    "name": "Ran Ji", 
    "version": "XJCHLSML"
  }, 
  "2278590": {
    "id": 2278590, 
    "links": {
      "self": "https://api.hipchat.com/v2/user/2278590"
    }, 
    "mention_name": "TopherCyll", 
    "name": "Topher Cyll", 
    "version": "00000000"
  }, 
  "2300309": {
    "id": 2300309, 
    "links": {
      "self": "https://api.hipchat.com/v2/user/2300309"
    }, 
    "mention_name": "PhilippeSyz", 
    "name": "Philippe Syz", 
    "version": "00000000"
  }, 
  "2300310": {
    "id": 2300310, 
    "links": {
      "self": "https://api.hipchat.com/v2/user/2300310"
    }, 
    "mention_name": "SeanConcannon", 
    "name": "Sean Concannon", 
    "version": "00000000"
  }, 
  "2300311": {
    "id": 2300311, 
    "links": {
      "self": "https://api.hipchat.com/v2/user/2300311"
    }, 
    "mention_name": "SamSchuster", 
    "name": "Sam Schuster", 
    "version": "00000000"
  }, 
  "2300312": {
    "id": 2300312, 
    "links": {
      "self": "https://api.hipchat.com/v2/user/2300312"
    }, 
    "mention_name": "StuartMason", 
    "name": "Stuart Mason", 
    "version": "00000000"
  }, 
  "2300313": {
    "id": 2300313, 
    "links": {
      "self": "https://api.hipchat.com/v2/user/2300313"
    }, 
    "mention_name": "GinnyTang", 
    "name": "Ginny Tang", 
    "version": "A3D88F5D"
  }, 
  "2300314": {
    "id": 2300314, 
    "links": {
      "self": "https://api.hipchat.com/v2/user/2300314"
    }, 
    "mention_name": "JonathanDahlberg", 
    "name": "Jonathan Dahlberg", 
    "version": "00000000"
  }, 
  "2300315": {
    "id": 2300315, 
    "links": {
      "self": "https://api.hipchat.com/v2/user/2300315"
    }, 
    "mention_name": "WenLuo", 
    "name": "Wen Luo", 
    "version": "00000000"
  }, 
  "2300316": {
    "id": 2300316, 
    "links": {
      "self": "https://api.hipchat.com/v2/user/2300316"
    }, 
    "mention_name": "SarahSchomp", 
    "name": "Sarah Schomp", 
    "version": "00000000"
  }, 
  "2300317": {
    "id": 2300317, 
    "links": {
      "self": "https://api.hipchat.com/v2/user/2300317"
    }, 
    "mention_name": "JordanStaab", 
    "name": "Jordan Staab", 
    "version": "00000000"
  }, 
  "2300318": {
    "id": 2300318, 
    "links": {
      "self": "https://api.hipchat.com/v2/user/2300318"
    }, 
    "mention_name": "TomEllis", 
    "name": "Tom Ellis", 
    "version": "00000000"
  }, 
  "2300319": {
    "id": 2300319, 
    "links": {
      "self": "https://api.hipchat.com/v2/user/2300319"
    }, 
    "mention_name": "TopherCyll", 
    "name": "Topher Cyll", 
    "version": "00000000"
  }, 
  "2300320": {
    "id": 2300320, 
    "links": {
      "self": "https://api.hipchat.com/v2/user/2300320"
    }, 
    "mention_name": "AnneTolsma", 
    "name": "Anne Tolsma", 
    "version": "00000000"
  }, 
  "2300321": {
    "id": 2300321, 
    "links": {
      "self": "https://api.hipchat.com/v2/user/2300321"
    }, 
    "mention_name": "GabeRothman", 
    "name": "Gabe Rothman", 
    "version": "00000000"
  }, 
  "2300338": {
    "id": 2300338, 
    "links": {
      "self": "https://api.hipchat.com/v2/user/2300338"
    }, 
    "mention_name": "ZacharyMayer", 
    "name": "Zachary Mayer", 
    "version": "00000000"
  }, 
  "2304665": {
    "id": 2304665, 
    "links": {
      "self": "https://api.hipchat.com/v2/user/2304665"
    }, 
    "mention_name": "RussellStern", 
    "name": "Russell Stern", 
    "version": "00000000"
  }, 
  "2304719": {
    "id": 2304719, 
    "links": {
      "self": "https://api.hipchat.com/v2/user/2304719"
    }, 
    "mention_name": "SamuelColburn", 
    "name": "Samuel Colburn", 
    "version": "00000000"
  }, 
  "2304724": {
    "id": 2304724, 
    "links": {
      "self": "https://api.hipchat.com/v2/user/2304724"
    }, 
    "mention_name": "SteveSmall", 
    "name": "Steve Small", 
    "version": "00000000"
  }, 
  "2304837": {
    "id": 2304837, 
    "links": {
      "self": "https://api.hipchat.com/v2/user/2304837"
    }, 
    "mention_name": "AndrewHurle", 
    "name": "Andrew Hurle", 
    "version": "00000000"
  }, 
  "2305252": {
    "id": 2305252, 
    "links": {
      "self": "https://api.hipchat.com/v2/user/2305252"
    }, 
    "mention_name": "MitchellPeabody", 
    "name": "Mitchell Peabody", 
    "version": "00000000"
  }, 
  "2305254": {
    "id": 2305254, 
    "links": {
      "self": "https://api.hipchat.com/v2/user/2305254"
    }, 
    "mention_name": "MitchellPeabody2", 
    "name": "Mitchell Peabody", 
    "version": "00000000"
  }, 
  "2310033": {
    "id": 2310033, 
    "links": {
      "self": "https://api.hipchat.com/v2/user/2310033"
    }, 
    "mention_name": "VictorKholod", 
    "name": "Victor Kholod", 
    "version": "8E2CA3AE"
  }, 
  "2328193": {
    "id": 2328193, 
    "links": {
      "self": "https://api.hipchat.com/v2/user/2328193"
    }, 
    "mention_name": "KellyMcDonald", 
    "name": "Kelly McDonald", 
    "version": "00000000"
  }, 
  "2371893": {
    "id": 2371893, 
    "links": {
      "self": "https://api.hipchat.com/v2/user/2371893"
    }, 
    "mention_name": "KathrynPhillips", 
    "name": "Kathryn Phillips", 
    "version": "00000000"
  }, 
  "2371900": {
    "id": 2371900, 
    "links": {
      "self": "https://api.hipchat.com/v2/user/2371900"
    }, 
    "mention_name": "Maria", 
    "name": "Maria Cardone", 
    "version": "IMCNSDIM"
  }, 
  "2371903": {
    "id": 2371903, 
    "links": {
      "self": "https://api.hipchat.com/v2/user/2371903"
    }, 
    "mention_name": "HannahPallack", 
    "name": "Hannah Pallack", 
    "version": "00000000"
  }, 
  "2403046": {
    "id": 2403046, 
    "links": {
      "self": "https://api.hipchat.com/v2/user/2403046"
    }, 
    "mention_name": "NateTorda", 
    "name": "Nate Torda", 
    "version": "00000000"
  }, 
  "2411786": {
    "id": 2411786, 
    "links": {
      "self": "https://api.hipchat.com/v2/user/2411786"
    }, 
    "mention_name": "MikeMitchell", 
    "name": "Mike Mitchell", 
    "version": "00000000"
  }, 
  "2478086": {
    "id": 2478086, 
    "links": {
      "self": "https://api.hipchat.com/v2/user/2478086"
    }, 
    "mention_name": "SeT", 
    "name": "Samantha Tanzer", 
    "version": "P21PO38A"
  }, 
  "2506731": {
    "id": 2506731, 
    "links": {
      "self": "https://api.hipchat.com/v2/user/2506731"
    }, 
    "mention_name": "HartleyBrody", 
    "name": "Hartley Brody", 
    "version": "00000000"
  }, 
  "2534739": {
    "id": 2534739, 
    "links": {
      "self": "https://api.hipchat.com/v2/user/2534739"
    }, 
    "mention_name": "GregoryMarton", 
    "name": "Gregory Marton", 
    "version": "00000000"
  }, 
  "2541590": {
    "id": 2541590, 
    "links": {
      "self": "https://api.hipchat.com/v2/user/2541590"
    }, 
    "mention_name": "CraigLewin", 
    "name": "Craig Lewin", 
    "version": "00000000"
  }, 
  "2543442": {
    "id": 2543442, 
    "links": {
      "self": "https://api.hipchat.com/v2/user/2543442"
    }, 
    "mention_name": "crashplan", 
    "name": "crash plan", 
    "version": "00000000"
  }, 
  "2544454": {
    "id": 2544454, 
    "links": {
      "self": "https://api.hipchat.com/v2/user/2544454"
    }, 
    "mention_name": "ShawnSears", 
    "name": "Shawn Sears", 
    "version": "00000000"
  }, 
  "2559633": {
    "id": 2559633, 
    "links": {
      "self": "https://api.hipchat.com/v2/user/2559633"
    }, 
    "mention_name": "NateReznicek", 
    "name": "Nate Reznicek", 
    "version": "9I33WZQ0"
  }, 
  "2574716": {
    "id": 2574716, 
    "links": {
      "self": "https://api.hipchat.com/v2/user/2574716"
    }, 
    "mention_name": "MollyDomino", 
    "name": "Molly Domino", 
    "version": "00000000"
  }, 
  "2592816": {
    "id": 2592816, 
    "links": {
      "self": "https://api.hipchat.com/v2/user/2592816"
    }, 
    "mention_name": "MattRita", 
    "name": "Matt Rita", 
    "version": "00000000"
  }, 
  "2659297": {
    "id": 2659297, 
    "links": {
      "self": "https://api.hipchat.com/v2/user/2659297"
    }, 
    "mention_name": "SeanFenlon", 
    "name": "Sean Fenlon", 
    "version": "00000000"
  }, 
  "2659298": {
    "id": 2659298, 
    "links": {
      "self": "https://api.hipchat.com/v2/user/2659298"
    }, 
    "mention_name": "NguyenLe", 
    "name": "Nguyen Le", 
    "version": "00000000"
  }, 
  "2659301": {
    "id": 2659301, 
    "links": {
      "self": "https://api.hipchat.com/v2/user/2659301"
    }, 
    "mention_name": "ChadMathias", 
    "name": "Chad Mathias", 
    "version": "E1PUQ6Q5"
  }, 
  "2659332": {
    "id": 2659332, 
    "links": {
      "self": "https://api.hipchat.com/v2/user/2659332"
    }, 
    "mention_name": "AndersSimpsonWolf", 
    "name": "Anders Simpson-Wolf", 
    "version": "REXNPRED"
  }, 
  "2667492": {
    "id": 2667492, 
    "links": {
      "self": "https://api.hipchat.com/v2/user/2667492"
    }, 
    "mention_name": "JonathonHambleton", 
    "name": "Jonathon Hambleton", 
    "version": "LQEVNRCD"
  }, 
  "2738642": {
    "id": 2738642, 
    "links": {
      "self": "https://api.hipchat.com/v2/user/2738642"
    }, 
    "mention_name": "TomM", 
    "name": "Thomas Mason", 
    "version": "1J766PY3"
  }, 
  "2751857": {
    "id": 2751857, 
    "links": {
      "self": "https://api.hipchat.com/v2/user/2751857"
    }, 
    "mention_name": "DinaAmouzigh", 
    "name": "Dina Amouzigh", 
    "version": "00000000"
  }, 
  "2769275": {
    "id": 2769275, 
    "links": {
      "self": "https://api.hipchat.com/v2/user/2769275"
    }, 
    "mention_name": "WillP", 
    "name": "Will P", 
    "version": "00000000"
  }, 
  "2783254": {
    "id": 2783254, 
    "links": {
      "self": "https://api.hipchat.com/v2/user/2783254"
    }, 
    "mention_name": "EliRose", 
    "name": "Eli Rose", 
    "version": "00000000"
  }, 
  "2783259": {
    "id": 2783259, 
    "links": {
      "self": "https://api.hipchat.com/v2/user/2783259"
    }, 
    "mention_name": "MargauxBolte", 
    "name": "Margaux Bolte", 
    "version": "00000000"
  }, 
  "2783261": {
    "id": 2783261, 
    "links": {
      "self": "https://api.hipchat.com/v2/user/2783261"
    }, 
    "mention_name": "AniranChandravongsri", 
    "name": "Aniran Chandravongsri", 
    "version": "00000000"
  }, 
  "2804035": {
    "id": 2804035, 
    "links": {
      "self": "https://api.hipchat.com/v2/user/2804035"
    }, 
    "mention_name": "ScottSchoberg", 
    "name": "Scott Schoberg", 
    "version": "00000000"
  }, 
  "2829016": {
    "id": 2829016, 
    "links": {
      "self": "https://api.hipchat.com/v2/user/2829016"
    }, 
    "mention_name": "EquateUser", 
    "name": "Equate User", 
    "version": "3F008221"
  }, 
  "2841099": {
    "id": 2841099, 
    "links": {
      "self": "https://api.hipchat.com/v2/user/2841099"
    }, 
    "mention_name": "DominicLloyd", 
    "name": "Dominic Lloyd", 
    "version": "00000000"
  }, 
  "2863524": {
    "id": 2863524, 
    "links": {
      "self": "https://api.hipchat.com/v2/user/2863524"
    }, 
    "mention_name": "MeleanaMorioka", 
    "name": "Meleana Morioka", 
    "version": "00000000"
  }, 
  "2888739": {
    "id": 2888739, 
    "links": {
      "self": "https://api.hipchat.com/v2/user/2888739"
    }, 
    "mention_name": "DylanPollack", 
    "name": "Dylan Pollack", 
    "version": "00000000"
  }, 
  "2897269": {
    "id": 2897269, 
    "links": {
      "self": "https://api.hipchat.com/v2/user/2897269"
    }, 
    "mention_name": "JohnReilly", 
    "name": "John Reilly", 
    "version": "00000000"
  }, 
  "2918625": {
    "id": 2918625, 
    "links": {
      "self": "https://api.hipchat.com/v2/user/2918625"
    }, 
    "mention_name": "KyleDooley", 
    "name": "Kyle Dooley", 
    "version": "OHVER00C"
  }, 
  "2918713": {
    "id": 2918713, 
    "links": {
      "self": "https://api.hipchat.com/v2/user/2918713"
    }, 
    "mention_name": "Kayla", 
    "name": "Kayla Comalli", 
    "version": "Q91NFGHU"
  }, 
  "2918718": {
    "id": 2918718, 
    "links": {
      "self": "https://api.hipchat.com/v2/user/2918718"
    }, 
    "mention_name": "DavidWilliams", 
    "name": "David Williams", 
    "version": "VHFOK3BI"
  }, 
  "2957346": {
    "id": 2957346, 
    "links": {
      "self": "https://api.hipchat.com/v2/user/2957346"
    }, 
    "mention_name": "MattPlasker", 
    "name": "Matt Plasker", 
    "version": "GYP8VQX3"
  }, 
  "2958749": {
    "id": 2958749, 
    "links": {
      "self": "https://api.hipchat.com/v2/user/2958749"
    }, 
    "mention_name": "MarshallGillson", 
    "name": "Marshall Gillson", 
    "version": "RX58DCMY"
  }, 
  "2972565": {
    "id": 2972565, 
    "links": {
      "self": "https://api.hipchat.com/v2/user/2972565"
    }, 
    "mention_name": "JohnMcGeachie", 
    "name": "John McGeachie", 
    "version": "UP4L450J"
  }, 
  "2985255": {
    "id": 2985255, 
    "links": {
      "self": "https://api.hipchat.com/v2/user/2985255"
    }, 
    "mention_name": "AliciaPayette", 
    "name": "Alicia Payette", 
    "version": "VYVKJEVE"
  }, 
  "3000700": {
    "id": 3000700, 
    "links": {
      "self": "https://api.hipchat.com/v2/user/3000700"
    }, 
    "mention_name": "RachelPrime", 
    "name": "Rachel Prime", 
    "version": "X0NJJ58K"
  }, 
  "3013024": {
    "id": 3013024, 
    "links": {
      "self": "https://api.hipchat.com/v2/user/3013024"
    }, 
    "mention_name": "IanSheridan", 
    "name": "Ian Sheridan", 
    "version": "1K5L8SNQ"
  }, 
  "3076969": {
    "id": 3076969, 
    "links": {
      "self": "https://api.hipchat.com/v2/user/3076969"
    }, 
    "mention_name": "TingLik", 
    "name": "Ting Lik", 
    "version": "BBA406DE"
  }, 
  "3076984": {
    "id": 3076984, 
    "links": {
      "self": "https://api.hipchat.com/v2/user/3076984"
    }, 
    "mention_name": "MikeFeldman", 
    "name": "Mike Feldman", 
    "version": "P6FHGY9A"
  }, 
  "3077426": {
    "id": 3077426, 
    "links": {
      "self": "https://api.hipchat.com/v2/user/3077426"
    }, 
    "mention_name": "Ting", 
    "name": "Ting", 
    "version": "LEHH8YMD"
  }, 
  "3096173": {
    "id": 3096173, 
    "links": {
      "self": "https://api.hipchat.com/v2/user/3096173"
    }, 
    "mention_name": "JayArtz", 
    "name": "Jay Artz", 
    "version": "2I9YKN6T"
  }, 
  "3125859": {
    "id": 3125859, 
    "links": {
      "self": "https://api.hipchat.com/v2/user/3125859"
    }, 
    "mention_name": "asy", 
    "name": "Adam Yie", 
    "version": "37ESWF8U"
  }, 
  "3138592": {
    "id": 3138592, 
    "links": {
      "self": "https://api.hipchat.com/v2/user/3138592"
    }, 
    "mention_name": "ParkerFinch", 
    "name": "Parker Finch", 
    "version": "QQEYJVW8"
  }, 
  "3156782": {
    "id": 3156782, 
    "links": {
      "self": "https://api.hipchat.com/v2/user/3156782"
    }, 
    "mention_name": "NA", 
    "name": "NA", 
    "version": "B6360FC2"
  }, 
  "3161874": {
    "id": 3161874, 
    "links": {
      "self": "https://api.hipchat.com/v2/user/3161874"
    }, 
    "mention_name": "TiffanyTang", 
    "name": "Tiffany Tang", 
    "version": "LOL7CTU8"
  }, 
  "3161878": {
    "id": 3161878, 
    "links": {
      "self": "https://api.hipchat.com/v2/user/3161878"
    }, 
    "mention_name": "EzekielSilverstein", 
    "name": "Ezekiel Silverstein", 
    "version": "UIMHHGGH"
  }, 
  "3178983": {
    "id": 3178983, 
    "links": {
      "self": "https://api.hipchat.com/v2/user/3178983"
    }, 
    "mention_name": "AlexandraShea", 
    "name": "Ali Shea", 
    "version": "JI5IKGJ3"
  }, 
  "3218207": {
    "id": 3218207, 
    "links": {
      "self": "https://api.hipchat.com/v2/user/3218207"
    }, 
    "mention_name": "RobertGonzalez", 
    "name": "Robert Gonzalez", 
    "version": "JG3R1009"
  }, 
  "3305853": {
    "id": 3305853, 
    "links": {
      "self": "https://api.hipchat.com/v2/user/3305853"
    }, 
    "mention_name": "AlexandraCasparino", 
    "name": "Alexandra Casparino", 
    "version": "Q73NF1JY"
  }, 
  "3305870": {
    "id": 3305870, 
    "links": {
      "self": "https://api.hipchat.com/v2/user/3305870"
    }, 
    "mention_name": "VeronicaZhang", 
    "name": "Veronica Zhang", 
    "version": "370TWXLG"
  }, 
  "3330606": {
    "id": 3330606, 
    "links": {
      "self": "https://api.hipchat.com/v2/user/3330606"
    }, 
    "mention_name": "JackMichaud", 
    "name": "Jack Michaud", 
    "version": "1VA41ALQ"
  }, 
  "3360475": {
    "id": 3360475, 
    "links": {
      "self": "https://api.hipchat.com/v2/user/3360475"
    }, 
    "mention_name": "JonahLeshin", 
    "name": "Jonah Leshin", 
    "version": "1RYY6TZX"
  }, 
  "3413684": {
    "id": 3413684, 
    "links": {
      "self": "https://api.hipchat.com/v2/user/3413684"
    }, 
    "mention_name": "HelenLi", 
    "name": "Helen Li", 
    "version": "PZYYRZLQ"
  }, 
  "3518925": {
    "id": 3518925, 
    "links": {
      "self": "https://api.hipchat.com/v2/user/3518925"
    }, 
    "mention_name": "OliviaChen", 
    "name": "Olivia Chen", 
    "version": "8FH8U7HK"
  }, 
  "3519196": {
    "id": 3519196, 
    "links": {
      "self": "https://api.hipchat.com/v2/user/3519196"
    }, 
    "mention_name": "MerylFang", 
    "name": "Meryl Fang", 
    "version": "629NGFN5"
  }, 
  "3547716": {
    "id": 3547716, 
    "links": {
      "self": "https://api.hipchat.com/v2/user/3547716"
    }, 
    "mention_name": "TimCunningham", 
    "name": "Tim Cunningham", 
    "version": "JVA7V128"
  }, 
  "3590276": {
    "id": 3590276, 
    "links": {
      "self": "https://api.hipchat.com/v2/user/3590276"
    }, 
    "mention_name": "ChrisWoods", 
    "name": "Chris Woods", 
    "version": "WD8HWECD"
  }, 
  "3603250": {
    "id": 3603250, 
    "links": {
      "self": "https://api.hipchat.com/v2/user/3603250"
    }, 
    "mention_name": "AlyssaHealey", 
    "name": "Alyssa Healey", 
    "version": "U3IIE8DJ"
  }, 
  "3632629": {
    "id": 3632629, 
    "links": {
      "self": "https://api.hipchat.com/v2/user/3632629"
    }, 
    "mention_name": "WinstonChan", 
    "name": "Winston Chan", 
    "version": "HOYEB3YN"
  }, 
  "3638384": {
    "id": 3638384, 
    "links": {
      "self": "https://api.hipchat.com/v2/user/3638384"
    }, 
    "mention_name": "ErinCorbett", 
    "name": "Erin Corbett", 
    "version": "0VAWEYTS"
  }, 
  "3638397": {
    "id": 3638397, 
    "links": {
      "self": "https://api.hipchat.com/v2/user/3638397"
    }, 
    "mention_name": "MeganMount", 
    "name": "Megan Mount", 
    "version": "85LIKYJ3"
  }, 
  "3656008": {
    "id": 3656008, 
    "links": {
      "self": "https://api.hipchat.com/v2/user/3656008"
    }, 
    "mention_name": "JimmyZeng", 
    "name": "Jimmy Zeng", 
    "version": "NT3UYAB3"
  }, 
  "3678862": {
    "id": 3678862, 
    "links": {
      "self": "https://api.hipchat.com/v2/user/3678862"
    }, 
    "mention_name": "HipTest", 
    "name": "Hip Test", 
    "version": "62DA6D39"
  }, 
  "3705273": {
    "id": 3705273, 
    "links": {
      "self": "https://api.hipchat.com/v2/user/3705273"
    }, 
    "mention_name": "nocwall", 
    "name": "noc wall", 
    "version": "KTV53812"
  }, 
  "3719889": {
    "id": 3719889, 
    "links": {
      "self": "https://api.hipchat.com/v2/user/3719889"
    }, 
    "mention_name": "MalikaBone", 
    "name": "Malika Bone", 
    "version": "RCZDG4DA"
  }, 
  "3723363": {
    "id": 3723363, 
    "links": {
      "self": "https://api.hipchat.com/v2/user/3723363"
    }, 
    "mention_name": "DanielBrady", 
    "name": "Daniel Brady", 
    "version": "NRZ1UM4S"
  }, 
  "3730726": {
    "id": 3730726, 
    "links": {
      "self": "https://api.hipchat.com/v2/user/3730726"
    }, 
    "mention_name": "NickPetitpas", 
    "name": "Nick Petitpas", 
    "version": "BX5196EK"
  }
}
